<application>
  <component name="com.intellij.ide.ui.customization.CustomActionsSchema">
    <group value="RunAnything" is_action="true" action_type="-1" position="11">
      <path value="root" />
      <path value="Main Toolbar" />
      <option name="myInitialPosition" value="-1" />
    </group>
    <group value="RunAnything" is_action="true" action_type="-1" position="6">
      <path value="root" />
      <path value="Navigation Bar Toolbar" />
      <option name="myInitialPosition" value="-1" />
    </group>
    <group value="ChangesView.Revert" is_action="true" action_type="-1" position="4">
      <path value="root" />
      <path value="Navigation Bar Toolbar" />
      <path value="NavBarVcsGroup" />
      <path value="VcsNavBarToobarActions" />
      <option name="myInitialPosition" value="-1" />
    </group>
    <group value="Vcs.ShowTabbedFileHistory" is_action="true" action_type="-1" position="3">
      <path value="root" />
      <path value="Navigation Bar Toolbar" />
      <path value="NavBarVcsGroup" />
      <path value="VcsNavBarToobarActions" />
      <option name="myInitialPosition" value="-1" />
    </group>
    <group value="CheckinProject" is_action="true" action_type="-1" position="2">
      <path value="root" />
      <path value="Navigation Bar Toolbar" />
      <path value="NavBarVcsGroup" />
      <path value="VcsNavBarToobarActions" />
      <option name="myInitialPosition" value="-1" />
    </group>
    <group value="Vcs.UpdateProject" is_action="true" action_type="-1" position="1">
      <path value="root" />
      <path value="Navigation Bar Toolbar" />
      <path value="NavBarVcsGroup" />
      <path value="VcsNavBarToobarActions" />
      <option name="myInitialPosition" value="-1" />
    </group>
    <group value="VcsToolbarLabelAction" is_action="true" action_type="-1" position="0">
      <path value="root" />
      <path value="Navigation Bar Toolbar" />
      <path value="NavBarVcsGroup" />
      <path value="VcsNavBarToobarActions" />
      <option name="myInitialPosition" value="-1" />
    </group>
  </component>
</application>